{
  "total": 115037.70999999999,
  "landfill": 16440.63,
  "num_relevant_questions": 7,
  "landfill_fraction": 0.142915136262709,
  "customer": "Birmingham City Council",
  "year": 2012,
  "quarter": "Q2"
}