{
  "total": 115037.70999999999,
  "landfill": 16440.629999999997,
  "num_relevant_questions": 7,
  "landfill_fraction": 0.14291513626270896,
  "customer": "Birmingham City Council",
  "year": 2012,
  "quarter": "Q2"
}